{"cameraMode":{"drawMode":0,"name":"Shaded","section":"Shading Mode"},"sceneLighting":true,"audioPlay":false,"sceneViewState":{"showFog":false,"showMaterialUpdate":false,"showSkybox":false,"showFlares":false,"showImageEffects":false,"showParticleSystems":false},"in2DMode":false,"pivot":{"x":23.683364868164064,"y":2.330435276031494,"z":43.5071907043457},"rotation":{"x":0.06361953914165497,"y":-0.9348935484886169,"z":0.2726936638355255,"w":0.21811746060848237},"size":3.053673267364502,"orthographic":false}