{"cameraMode":{"drawMode":0,"name":"Shaded","section":"Shading Mode"},"sceneLighting":true,"audioPlay":false,"sceneViewState":{"showFog":false,"showMaterialUpdate":false,"showSkybox":false,"showFlares":false,"showImageEffects":false,"showParticleSystems":false},"in2DMode":false,"pivot":{"x":-4.5648980140686039,"y":1.950904130935669,"z":0.5499979257583618},"rotation":{"x":-0.0000652494200039655,"y":-0.9938806891441345,"z":0.11047426611185074,"w":-0.0005888101295568049},"size":2.8106346130371095,"orthographic":false}