{"cameraMode":{"drawMode":0,"name":"Shaded","section":"Shading Mode"},"sceneLighting":true,"audioPlay":false,"sceneViewState":{"showFog":false,"showMaterialUpdate":false,"showSkybox":false,"showFlares":false,"showImageEffects":false,"showParticleSystems":false},"in2DMode":false,"pivot":{"x":5.9879913330078129,"y":2.5536842346191408,"z":3.3422231674194338},"rotation":{"x":0.00118066999129951,"y":-0.9987854957580566,"z":0.04317387193441391,"w":0.026377592235803605},"size":4.554330825805664,"orthographic":false}